config,epochs,train_acc,val_acc,test_acc,params
1conv-64,5,0.7240075469017029,0.7236841917037964,0.7631578947368421,3201
1conv-64,10,0.7674857974052429,0.6842105388641357,0.7302631578947368,3201
1conv-64,20,0.7807183265686035,0.7105262875556946,0.7236842105263158,3201
2conv-64,5,0.775047242641449,0.6842105388641357,0.7368421052631579,24001
2conv-64,10,0.7939508557319641,0.7236841917037964,0.8223684210526315,24001
2conv-64,20,0.8279772996902466,0.7631579041481018,0.7697368421052632,24001
3conv-128,5,0.7977315783500671,0.7763158082962036,0.743421052631579,110785
3conv-128,10,0.8449905514717102,0.7631579041481018,0.7368421052631579,110785
3conv-128,20,0.8525519967079163,0.8157894611358643,0.8355263157894737,110785
3conv-256,5,0.8147448301315308,0.7894737124443054,0.8421052631578947,127425
3conv-256,10,0.8431001901626587,0.8026315569877625,0.8026315789473685,127425
3conv-256,20,0.8657845258712769,0.7894737124443054,0.8486842105263158,127425
